{"theta0": 6.935424456955301e-17, "theta1": -1.0000209464319085}